,bodyId,type
10,1574833154,ORN_DA1
11,1575170261,ORN_DA1
13,1575170548,ORN_DL3
45,1605864206,ORN_DL3
46,1605864211,ORN_DL3
47,1605864308,ORN_DL3
54,1609878899,ORN_DL3
55,1609878900,ORN_DL3
56,1609883139,ORN_DL3
58,1610219941,ORN_DL3
59,1610224198,ORN_DL3
112,1637231631,ORN_DL1
117,1637568633,ORN_DP1m
120,1639230478,ORN_DL1
126,1639588904,ORN_DL4
131,1639921133,ORN_DL4
135,1639938708,ORN_DA1
136,1639943177,ORN_DL3
140,1640568208,ORN_DL3
141,1640568218,ORN_DL3
144,1640572939,ORN_DL3
145,1640577143,ORN_DL3
146,1640581107,ORN_DL3
148,1640909365,ORN_DL3
149,1640913594,ORN_DL3
151,1640922390,ORN_DL3
153,1640926761,ORN_DL3
154,1641250106,ORN_DL3
156,1641250391,ORN_DL3
157,1641250455,ORN_DL3
159,1641254638,ORN_DL3
164,1641259252,ORN_DL3
165,1641263276,ORN_DL3
168,1641600157,ORN_DL3
177,1666583002,ORN_DM1
245,1667929794,ORN_DM4
271,1668943729,ORN_DL2v
300,1669915315,ORN_DL2d
301,1669919662,ORN_DL2v
302,1669919865,ORN_DL1
307,1669949998,ORN_DA1
311,1670247742,ORN_DL1
314,1670252091,ORN_DL1
316,1670256057,ORN_DL1
317,1670256074,ORN_DL1
318,1670256121,ORN_DL1
319,1670256123,ORN_DL1
320,1670256170,ORN_DL1
321,1670256200,ORN_DL1
322,1670256208,ORN_DL1
324,1670256275,ORN_DL1
325,1670256285,ORN_DL1
327,1670256374,ORN_DL1
328,1670256379,ORN_DL1
329,1670260748,ORN_DL5
330,1670264761,ORN_DL5
333,1670286505,ORN_DL4
337,1670290830,ORN_DL4
339,1670291083,ORN_DM3
348,1670584497,ORN_DL1
353,1670593240,ORN_DL1
354,1670597202,ORN_DL1
356,1670610554,ORN_DL5
357,1670618642,ORN_DL4
358,1670623318,ORN_DL4
364,1670631838,ORN_DL3
378,1670942575,ORN_DL4
379,1670960408,ORN_DL5
386,1671275020,ORN_DL4
388,1671279391,ORN_DL4
396,1671603165,ORN_DL3
397,1671603266,ORN_DL3
398,1671608037,ORN_DL3
399,1671611615,ORN_DL3
402,1671616397,ORN_DL4
406,1671620813,ORN_DA1
407,1671621020,ORN_DL4
409,1671625186,ORN_DL3
413,1671629301,ORN_DA1
414,1671629585,ORN_D
415,1671659809,ORN_DA2
417,1671944099,ORN_DL3
418,1671961938,ORN_DL3
419,1671965948,ORN_DL3
420,1671966064,ORN_DA1
421,1671966114,ORN_DA1
423,1671966254,ORN_DA1
425,1671966374,ORN_DL3
429,1671970683,ORN_DA1
431,1671974365,ORN_DA1
432,1672298077,ORN_DL3
433,1672298153,ORN_DL3
434,1672302763,ORN_DL3
437,1672311668,ORN_DA1
440,1672316002,ORN_D
441,1672316168,ORN_D
443,1672643988,ORN_DA1
446,1697263685,ORN_DP1l
456,1697285129,ORN_VL2p
531,1699957886,ORN_DL2d
532,1699961833,ORN_DL1
533,1699961883,ORN_DL1
535,1699961956,ORN_DL1
536,1699962012,ORN_DL1
541,1700294219,ORN_DL1
542,1700298673,ORN_DL1
543,1700298962,ORN_DL2v
549,1700596143,ORN_DL1
550,1700596168,ORN_DL2d
551,1700600598,ORN_DL2v
553,1700604898,ORN_DL1
556,1700605059,ORN_DL2v
557,1700605075,ORN_DL2v
561,1700609325,ORN_DL1
562,1700613376,ORN_DL1
564,1700613524,ORN_DL1
565,1700613531,ORN_DL1
566,1700613639,ORN_DL1
567,1700613707,ORN_DL1
568,1700617897,ORN_DL1
570,1700635521,ORN_DL2d
580,1700937308,ORN_DL2d
581,1700941352,ORN_DL1
583,1700941475,ORN_DL1
584,1700941629,ORN_DL1
585,1700941902,ORN_DL1
586,1700946085,ORN_DL1
596,1701273869,ORN_DL1
597,1701277993,ORN_DL1
598,1701278023,ORN_DL1
600,1701286638,ORN_DL1
602,1701312982,ORN_DL5
606,1701614779,ORN_DL1
607,1701614885,ORN_DL1
608,1701614980,ORN_DL1
610,1701628254,ORN_DL1
611,1701628317,ORN_DL1
615,1701960169,ORN_DA3
616,1701960292,ORN_DL1
617,1701960710,ORN_DL3
618,1701965099,ORN_DL4
623,1702301737,ORN_DL3
624,1702301766,ORN_DA1
632,1703315602,ORN_DL3
634,1703337982,ORN_DL3
638,1703363258,ORN_D
639,1703665922,ORN_DL3
642,1703682848,ORN_DA1
643,1703682852,ORN_DA1
644,1703683023,ORN_DA1
646,1703683329,ORN_DA3
647,1703683340,ORN_DA3
648,1703695886,ORN_D
649,1704006659,ORN_DA1
651,1704028333,ORN_DA3
661,1728652192,ORN_DM4
664,1729312857,ORN_DM4
672,1730651423,ORN_DP1l
673,1730651473,ORN_DP1l
675,1731290073,ORN_DL2v
676,1731294438,ORN_DL2v
677,1731294496,ORN_DL2d
678,1731298838,ORN_DL2d
679,1731298907,ORN_DP1l
680,1731303224,ORN_DL2v
681,1731303242,ORN_DL2v
682,1731307775,ORN_DL2d
685,1731626597,ORN_DL1
686,1731626686,ORN_DL1
687,1731626687,ORN_DL2v
689,1731631045,ORN_VL2a
690,1731631051,ORN_DL2d
691,1731631097,ORN_DL2d
692,1731631162,ORN_DL2v
693,1731631196,ORN_DL2v
694,1731631236,ORN_VL2a
703,1732719510,ORN_DM1
706,1732990851,ORN_DL3
707,1732990947,ORN_DL3
717,1734350776,ORN_DA1
718,1734350800,ORN_DA1
721,1734350882,ORN_DA1
722,1734355225,ORN_DA1
723,1734355247,ORN_DA1
724,1734355428,ORN_DA1
726,1734359876,ORN_DA1
727,1734377152,ORN_DA3
728,1734377183,ORN_DA3
729,1734402468,ORN_D
730,1734691670,ORN_DA1
732,1734691853,ORN_DA1
733,1734691865,ORN_DA1
735,1734696604,ORN_DA1
736,1734705240,ORN_DA1
737,1734713656,ORN_DA3
738,1734713691,ORN_DA3
739,1734713762,ORN_DA3
742,1734717804,ORN_DA3
743,1734717977,ORN_DA3
744,1734718131,ORN_DA3
745,1734718175,ORN_DA3
746,1734718209,ORN_DA3
747,1734722060,ORN_DA3
748,1734730862,ORN_D
750,1735037070,ORN_DA1
751,1735037194,ORN_DA1
754,1735041965,ORN_DA1
755,1735042035,ORN_DA1
756,1735050696,ORN_DA1
757,1735050861,ORN_DA1
760,1735054729,ORN_DA3
761,1735058800,ORN_DA1
762,1735058916,ORN_DA3
763,1735059028,ORN_DA3
764,1735059070,ORN_DA3
765,1735059089,ORN_DA3
766,1735063134,ORN_DA3
767,1735378183,ORN_DA1
768,1735378225,ORN_DA1
769,1735378236,ORN_DA1
773,1735391275,ORN_DA1
774,1735395504,ORN_DA1
775,1735395524,ORN_DA1
776,1735399719,ORN_DA3
777,1735399997,ORN_DA3
778,1735404269,ORN_DA3
779,1735408330,ORN_DA3
780,1758327834,ORN_VM7d
781,1758332523,ORN_VM7d
783,1758673652,ORN_VM7v
784,1758673668,ORN_VM7d
785,1759662154,ORN_DP1l
790,1761992915,ORN_DP1l
792,1762320660,ORN_VL2a
793,1762320684,ORN_VL2a
794,1762320698,ORN_VL2a
795,1762320708,ORN_VL2a
796,1762325266,ORN_VL2a
798,1762657342,ORN_VL2a
799,1762657390,ORN_DL2v
800,1762661722,ORN_DL2v
822,1764699151,ORN_DA1
823,1764703552,ORN_DA1
825,1765040222,ORN_DA1
826,1765044577,ORN_DA1
828,1765053669,ORN_DA1
834,1765381455,ORN_DA1
835,1765386030,ORN_DA1
836,1765398738,ORN_DL3
839,1765727039,ORN_DA1
840,1765731259,ORN_DA1
841,1766067809,ORN_DA1
843,1766068147,ORN_DA1
844,1766068153,ORN_DA1
845,1766111002,ORN_DC1
847,1766413024,ORN_DA1
848,1766434854,ORN_DA3
849,1766443374,ORN_DC3
850,1766753982,ORN_DA1
851,1766754285,ORN_DA1
852,1766758683,ORN_DA1
853,1766762919,ORN_DA1
854,1789021926,ORN_VC5
855,1789022034,ORN_VC5
856,1789034579,ORN_VC5
857,1789358560,ORN_VC5
858,1789358636,ORN_VC5
859,1789363459,ORN_VC5
860,1789363477,ORN_VC5
861,1789370758,ORN_VM7v
862,1789695634,ORN_VM7v
863,1789695647,ORN_VC2
884,1793009969,ORN_VL2a
885,1793010029,ORN_DP1l
886,1793010051,ORN_DL2v
887,1793010128,ORN_VL2a
888,1793014287,ORN_VL2a
889,1793014297,ORN_DL2d
890,1793014384,ORN_DL2d
891,1793014435,ORN_VL2a
892,1793014580,ORN_DP1l
893,1793019211,ORN_DP1l
897,1793346872,ORN_DP1l
898,1793351108,ORN_VL2a
899,1793351123,ORN_DL2d
905,1793692357,ORN_DL2v
906,1793696526,ORN_DL2v
911,1794111598,ORN_DM2
912,1794115672,ORN_DM2
920,1794374434,ORN_DL2d
921,1794452513,ORN_DM2
923,1794711172,ORN_DL2v
926,1794793747,ORN_DM2
927,1795056456,ORN_DL1
931,1795402166,ORN_DA1
932,1795440828,ORN_DC1
936,1795734015,ORN_DA1
940,1796075454,ORN_DA1
941,1796075469,ORN_DA1
942,1796079753,ORN_DA1
944,1796416505,ORN_DA1
945,1796420624,ORN_DA1
947,1796757163,ORN_DA1
952,1796792278,ORN_DA4m
953,1796809680,ORN_DA2
954,1796813992,ORN_DA2
956,1796818191,ORN_DA2
958,1797137624,ORN_DA4m
961,1797478034,ORN_DC3
964,1797814929,ORN_DC3
965,1797814956,ORN_DC3
966,1797815029,ORN_DC3
967,1797815065,ORN_DC3
968,1820384758,ORN_VC5
969,1820388536,ORN_VC5
970,1820388753,ORN_VC5
971,1820388940,ORN_VC5
972,1820720776,ORN_VM7d
973,1820720998,ORN_VM7d
974,1821062060,ORN_VM7d
975,1821062183,ORN_VM7d
976,1821062392,ORN_VM7v
977,1821062423,ORN_VM7v
978,1821062473,ORN_VM7v
979,1821062620,ORN_VM7v
980,1821403375,ORN_VM7d
981,1821403388,ORN_VM7v
982,1821403404,ORN_VM7d
983,1821403418,ORN_VM7v
985,1821403618,ORN_VM7d
986,1821403680,ORN_VM7d
987,1821744519,ORN_VM7d
988,1822055297,ORN_DP1l
989,1822055337,ORN_DP1l
990,1822055381,ORN_DP1l
991,1822060683,ORN_DP1l
992,1823363190,ORN_DP1l
993,1823367829,ORN_DP1l
994,1823708611,ORN_DP1l
995,1823712908,ORN_DP1l
996,1823713211,ORN_DP1l
997,1823717721,ORN_DP1l
998,1824049537,ORN_VL2a
999,1824049560,ORN_VL2a
1000,1824054016,ORN_DP1l
1002,1824723104,ORN_VL2a
1003,1824801327,ORN_DM2
1006,1825146295,ORN_DM2
1007,1825828174,ORN_DM2
1010,1826773575,ORN_DA1
1011,1826773768,ORN_DA1
1015,1827114589,ORN_DA1
1016,1827122986,ORN_DA1
1017,1827446803,ORN_DA1
1018,1827481734,ORN_DC1
1022,1827840165,ORN_DA4m
1024,1827861955,ORN_VA6
1025,1828163670,ORN_DA4l
1026,1828163812,ORN_DA4l
1027,1828163827,ORN_DA4l
1028,1828163960,ORN_DA4l
1029,1828168162,ORN_DA4l
1030,1828168256,ORN_DA4l
1031,1828180627,ORN_DA4m
1032,1828181229,ORN_DA4m
1033,1828500243,ORN_DL3
1034,1828504827,ORN_DA4l
1035,1828505022,ORN_DA4l
1036,1828509124,ORN_DA4l
1037,1828509152,ORN_DA4l
1038,1828841178,ORN_DC3
1039,1828845647,ORN_DC3
1040,1828845666,ORN_DC3
1041,1851756564,ORN_VC5
1042,1851756588,ORN_VC5
1043,1851756810,ORN_VC5
1044,1851756822,ORN_VC5
1045,1851756941,ORN_VC5
1046,1851756963,ORN_VC5
1047,1851756979,ORN_VC5
1048,1851756980,ORN_VC5
1049,1851757063,ORN_VC5
1050,1851757133,ORN_VC5
1051,1852093674,ORN_VC3l
1052,1852097022,ORN_VC3l
1053,1852097284,ORN_VC3l
1054,1854407104,ORN_DP1l
1057,1855412441,ORN_VL2a
1058,1856103073,ORN_VL2a
1059,1856513745,ORN_DM2
1061,1857200218,ORN_DM2
1063,1858162227,ORN_DA1
1064,1858171515,ORN_DC3
1065,1858486077,ORN_DA1
1066,1858512256,ORN_DC3
1067,1858517007,ORN_DC3
1068,1858822939,ORN_DA1
1069,1858857279,ORN_DA4l
1070,1858857291,ORN_DA4l
1071,1858857698,ORN_DC3
1072,1858857867,ORN_DC3
1073,1858857875,ORN_DC3
1074,1858887650,ORN_DA2
1075,1858892359,ORN_DA2
1077,1859190013,ORN_DA1
1078,1859194620,ORN_DC3
1079,1859198542,ORN_DA4l
1080,1859220826,ORN_DA2
1081,1859224592,ORN_DA2
1082,1859224739,ORN_DA2
1083,1859539329,ORN_DA4l
1084,1859539437,ORN_DA4l
1085,1859565686,ORN_DA2
1086,1859880427,ORN_DC3
1087,1859880766,ORN_DC3
1088,1860225715,ORN_DC3
1089,1882790992,ORN_VC5
1090,1883128139,ORN_VC5
1091,1883133491,ORN_VC5
1092,1883468979,ORN_VC3l
1093,1883469292,ORN_VC3l
1094,1883469542,ORN_VC3l
1095,1883469558,ORN_VC3l
1096,1883469572,ORN_VC1
1097,1883473629,ORN_VC1
1098,1885101169,ORN_DP1l
1099,1885765506,ORN_VL2a
1100,1886447240,ORN_VL2a
1101,1886788224,ORN_VL2a
1102,1886788295,ORN_VL2a
1103,1886788309,ORN_VL2a
1104,1886788314,ORN_VL2a
1105,1886788340,ORN_VL2a
1106,1886788368,ORN_VL2a
1107,1886788784,ORN_VL2a
1108,1887129331,ORN_VL2a
1109,1887224752,ORN_DM2
1110,1887466111,ORN_VL2a
1111,1887470461,ORN_VL2a
1112,1887470632,ORN_VL2a
1113,1888243124,ORN_DM5
1114,1888243465,ORN_DM5
1115,1888247423,ORN_DM5
1117,1888584737,ORN_DM5
1118,1888908241,ORN_DC2
1119,1889201905,ORN_DC3
1120,1889202081,ORN_DC3
1121,1889205779,ORN_DC3
1122,1889206087,ORN_DC3
1123,1889206117,ORN_DC3
1124,1889206157,ORN_DC3
1125,1889210507,ORN_DC3
1127,1889547160,ORN_DC3
1128,1889556189,ORN_DC3
1129,1889883640,ORN_DC3
1130,1889883843,ORN_DC3
1131,1889892278,ORN_DC3
1132,1889892543,ORN_DC3
1133,1889931525,ORN_DA2
1134,1890233501,ORN_DC3
1135,1890570586,ORN_VA1d
1136,1890574706,ORN_DC3
1137,1890907320,ORN_VA1d
1138,1890907348,ORN_VA1d
1139,1890907372,ORN_VA1d
1140,1890911584,ORN_VA1d
1141,1890915222,ORN_VA1v
1142,1890915361,ORN_VA1d
1143,1890915703,ORN_VA1d
1144,1890915794,ORN_VA1d
1145,1891256365,ORN_VA1d
1146,1891260859,ORN_VA1d
1147,1914162372,ORN_VC5
1148,1914162448,ORN_VC5
1149,1914500037,ORN_VC5
1150,1914500150,ORN_VM7v
1151,1917823111,ORN_VL2a
1152,1917823351,ORN_VL2a
1153,1917823571,ORN_VL2a
1154,1918846818,ORN_VL2a
1156,1919606824,ORN_VM5d
1157,1919606852,ORN_VM5d
1158,1919611150,ORN_VM5d
1159,1919904032,ORN_DC3
1161,1919947917,ORN_VM5d
1162,1919947985,ORN_VM5d
1163,1919952117,ORN_VM5d
1164,1919952136,ORN_VM5d
1165,1919952145,ORN_VM5d
1166,1919956523,ORN_VM5d
1167,1919956557,ORN_VM5d
1169,1920288829,ORN_VM5d
1170,1920292924,ORN_VM5d
1171,1920292932,ORN_VM5d
1172,1920292983,ORN_VM5d
1173,1920297251,ORN_VM5d
1174,1920297317,ORN_VM5d
1175,1920301256,ORN_VA3
1176,1920586193,ORN_DC3
1177,1920590263,ORN_DC3
1178,1920590422,ORN_DC3
1179,1920595031,ORN_DC3
1180,1920603834,ORN_VA6
1181,1920603934,ORN_VA6
1182,1920608152,ORN_VA6
1184,1920633993,ORN_VM5d
1185,1920634004,ORN_VM5d
1186,1920927166,ORN_DC3
1187,1920944950,ORN_VA6
1188,1920949241,ORN_VA6
1189,1921255349,ORN_VA1d
1190,1921255398,ORN_VA1d
1191,1921255488,ORN_VA1d
1192,1921255581,ORN_VA1d
1193,1921260093,ORN_VA1d
1194,1921264210,ORN_VA1d
1195,1921290382,ORN_VA6
1196,1921290498,ORN_VA6
1197,1921294743,ORN_VA6
1199,1921587758,ORN_VA1d
1200,1921587901,ORN_VA1d
1201,1921587989,ORN_VA1d
1202,1921588005,ORN_VA1d
1203,1921592070,ORN_VA1d
1204,1921592245,ORN_VA1d
1205,1921592406,ORN_VA1d
1206,1921600436,ORN_VA1d
1207,1921600938,ORN_VA1d
1208,1921605131,ORN_VA1d
1209,1921605218,ORN_VA1d
1210,1921605227,ORN_VA1d
1211,1921605351,ORN_VA1d
1212,1921609426,ORN_VA1d
1213,1921609470,ORN_VA1d
1214,1921635613,ORN_VA6
1215,1921635826,ORN_VA6
1216,1921639938,ORN_VA6
1218,1921928933,ORN_VA1d
1219,1921933123,ORN_VA1d
1220,1921933455,ORN_VA1d
1221,1921937701,ORN_VA1d
1222,1921937773,ORN_VA1d
1223,1921942015,ORN_VA1d
1224,1921946032,ORN_VA1d
1225,1921950610,ORN_VA1d
1226,1921954890,ORN_VA1d
1227,1921955027,ORN_VA1d
1229,1922278546,ORN_VA1d
1230,1922282965,ORN_VA1d
1231,1922286868,ORN_VA1d
1232,1922287349,ORN_VA1d
1233,1922291703,ORN_VA1d
1234,1922291708,ORN_VA1d
1235,1922295452,ORN_VA1d
1236,1922295549,ORN_VA1d
1237,1922295728,ORN_VA1v
1238,1922295837,ORN_VA1d
1239,1922295855,ORN_VA1v
1240,1922299736,ORN_VA1v
1241,1922299788,ORN_VA1d
1242,1922299935,ORN_VA1d
1244,1945875433,ORN_VC3l
1245,1947576980,ORN_VM7d
1246,1947577039,ORN_VM7d
1247,1947580951,ORN_VM7d
1248,1947584968,ORN_VM7d
1250,1947921782,ORN_VM7d
1251,1947925992,ORN_VM7d
1252,1947926043,ORN_VM7d
1253,1947926093,ORN_VM7d
1254,1947926117,ORN_VM7d
1255,1948172360,ORN_VL2p
1256,1948249993,ORN_VM7d
1257,1948262532,ORN_VM7d
1258,1948271485,ORN_VM7d
1259,1948512982,ORN_VL2p
1260,1948513200,ORN_VL2p
1261,1948595057,ORN_VM7d
1262,1948595517,ORN_VM7d
1263,1948599372,ORN_VM7d
1264,1948613071,ORN_VM7d
1265,1948940756,ORN_VM7d
1266,1949273327,ORN_VM7d
1267,1949277120,ORN_VM7d
1268,1949281715,ORN_VM7d
1269,1949609807,ORN_VM7v
1270,1949959597,ORN_VM5d
1271,1949959710,ORN_VM7v
1272,1949963653,ORN_VM5d
1273,1949963738,ORN_VM5d
1274,1949963933,ORN_VM5d
1275,1949967960,ORN_VM5d
1276,1949968014,ORN_VM5d
1277,1949968022,ORN_VM5d
1278,1950300694,ORN_VM5d
1279,1950304683,ORN_VM5d
1280,1950304912,ORN_VM5d
1281,1950304963,ORN_VM5d
1282,1950305000,ORN_VM5d
1283,1950309168,ORN_VM5d
1284,1950637186,ORN_VM5d
1285,1950641434,ORN_VM5d
1286,1950641537,ORN_VM5d
1287,1950641562,ORN_VM5d
1288,1950645340,ORN_VM5d
1289,1950645499,ORN_VM5d
1290,1950645656,ORN_VM5d
1291,1950649874,ORN_VM5d
1292,1950649953,ORN_VM5d
1293,1950654449,ORN_VM5d
1294,1950654496,ORN_VM5d
1295,1950943744,ORN_DC3
1296,1950948074,ORN_DC3
1297,1950956576,ORN_VA6
1298,1950978227,ORN_VM5v
1299,1950982362,ORN_VM5d
1300,1950982707,ORN_VM5d
1301,1950995241,ORN_VM5d
1302,1950995474,ORN_VM5d
1303,1950995575,ORN_VM5d
1304,1950995585,ORN_VM5d
1306,1951297341,ORN_VA6
1307,1951297564,ORN_VA6
1308,1951331796,ORN_VM5d
1309,1951331995,ORN_VM5d
1310,1951616602,ORN_VA1d
1311,1951634193,ORN_VA6
1312,1951638298,ORN_VA6
1313,1951638332,ORN_VA6
1314,1951638336,ORN_VA6
1315,1951638388,ORN_VA6
1317,1951638593,ORN_VA6
1318,1951638640,ORN_VA6
1319,1951638641,ORN_VA6
1320,1951638643,ORN_VA6
1321,1951642477,ORN_VA6
1322,1951642748,ORN_VA6
1324,1951642829,ORN_VA6
1325,1951642867,ORN_VA6
1326,1951643003,ORN_VA6
1327,1951643042,ORN_VA6
1328,1951672911,ORN_VM5d
1329,1951940629,ORN_VA1d
1330,1951945281,ORN_VA1d
1331,1951949599,ORN_VA1d
1332,1951983985,ORN_VA6
1333,1951987988,ORN_VA6
1334,1951988087,ORN_VA6
1335,1951988130,ORN_VA6
1336,1951992717,ORN_VA6
1337,1952009816,ORN_VM5v
1338,1952281720,ORN_VA1d
1339,1952286065,ORN_VA1d
1340,1952286144,ORN_VA1d
1341,1952294779,ORN_VA1d
1342,1952294807,ORN_VA1d
1343,1952294823,ORN_VA1d
1344,1952303387,ORN_VA1d
1345,1952303624,ORN_VA1d
1346,1952329191,ORN_VA6
1347,1952329239,ORN_VA6
1348,1952333490,ORN_VA6
1349,1952333815,ORN_VA6
1350,1952622416,ORN_VA1d
1351,1952622748,ORN_VA1d
1352,1952622768,ORN_VA1d
1353,1952631005,ORN_VA1d
1354,1952631424,ORN_VA1d
1355,1952635585,ORN_VA1d
1356,1952635650,ORN_VA1d
1357,1952648472,ORN_VA1d
1358,1952674925,ORN_VA6
1359,1952963898,ORN_VA1d
1361,1953326375,ORN_VA1d
1362,1953326621,ORN_VA1d
1363,1953330644,ORN_VA1d
1364,1953671528,ORN_VA1v
1365,1953671540,ORN_VA1v
1366,1953671646,ORN_VA1v
1367,1976232101,ORN_VC5
1368,1977596902,ORN_VC2
1369,1977597054,ORN_VC3l
1370,1977600880,ORN_VC3l
1371,1977933882,ORN_VC3l
1372,1978209738,ORN_VL2a
1373,1978615737,ORN_VM7d
1374,1979206640,ORN_VL2p
1375,1979306126,ORN_VM7d
1376,1979547954,ORN_VL2p
1377,1979888904,ORN_VL2a
1378,1979888922,ORN_VL2a
1379,1979888937,ORN_VL2a
1380,1979967428,ORN_VM7v
1381,1979984195,ORN_VM7d
1382,1979984203,ORN_VM7d
1383,1979988708,ORN_VM7d
1384,1980229841,ORN_VL2a
1385,1980234505,ORN_VL2a
1387,1980303759,ORN_VM7v
1388,1980308137,ORN_VM7v
1389,1980312450,ORN_VM7v
1390,1980325211,ORN_VM5v
1391,1980325289,ORN_VM5d
1392,1980329576,ORN_VM5v
1393,1980329632,ORN_VM5v
1394,1980329783,ORN_VM5d
1395,1980575147,ORN_VL2a
1396,1980579904,ORN_VL2a
1397,1980640296,ORN_VM7v
1398,1980644654,ORN_VM7v
1399,1980653016,ORN_VM7v
1400,1980657565,ORN_VM5d
1401,1980661413,ORN_VM5d
1402,1980666391,ORN_VM5d
1403,1980916395,ORN_VL2a
1404,1980920883,ORN_VL2a
1405,1980994340,ORN_VM7v
1406,1980998276,ORN_VM5d
1407,1980998346,ORN_VM5d
1408,1981339518,ORN_VM5d
1409,1981343850,ORN_VM5d
1410,1981348270,ORN_VM5d
1411,1981352722,ORN_VM5d
1413,1981671971,ORN_VM5d
1414,1981672040,ORN_VM5d
1415,1981680090,ORN_VM5d
1416,1981680143,ORN_VM5d
1417,1981684610,ORN_VM5d
1418,1981693564,ORN_VM5d
1419,1981991229,ORN_VA6
1420,1981991471,ORN_VA6
1421,1981991527,ORN_VA6
1422,1981995502,ORN_VA6
1423,1982030363,ORN_VM5d
1424,1982328174,ORN_VA6
1425,1982332176,ORN_VA6
1426,1982332225,ORN_VA6
1427,1982332306,ORN_VA6
1428,1982336521,ORN_VA6
1429,1982341093,ORN_VA6
1430,1982358534,ORN_VM5d
1431,1982643277,ORN_VA1d
1432,1982669243,ORN_VA6
1433,1982669251,ORN_VA6
1434,1982673199,ORN_VA6
1435,1982703607,ORN_VM5d
1436,1982716575,ORN_VA7m
1437,1982717040,ORN_VA3
1438,1983032017,ORN_VA6
1439,1983032138,ORN_VA6
1440,1983036540,ORN_VM5v
1441,1983036578,ORN_VM5v
1442,1983040829,ORN_VM5v
1443,1983044890,ORN_VM5v
1444,1983329638,ORN_VA1d
1445,1983359965,ORN_VA6
1446,1983364112,ORN_VA6
1447,1983373284,ORN_VA6
1448,1983377791,ORN_VM5v
1449,1983381548,ORN_VM5v
1450,1983381579,ORN_VM5v
1451,1983381746,ORN_VM5v
1452,1983381965,ORN_VM5v
1453,1983657566,ORN_VA1d
1454,1983661767,ORN_VA1d
1455,1983675059,ORN_VA1d
1456,1983696486,ORN_VA6
1457,1983718771,ORN_VM5v
1458,1983727221,ORN_VM5v
1459,1983998527,ORN_VA1d
1460,1984007381,ORN_VA1d
1461,1984007485,ORN_VA1d
1462,1984011455,ORN_VA1d
1463,1984050417,ORN_VA6
1464,1984361258,ORN_VA1v
1466,2007604041,ORN_VC5
1467,2007604080,ORN_VC5
1468,2007604084,ORN_VC5
1469,2008627426,ORN_VC5
1470,2008631215,ORN_VC3l
1471,2008631840,ORN_VC1
1472,2008632383,ORN_VC5
1473,2008972867,ORN_VC3l
1474,2009235834,ORN_VL2p
1475,2009235843,ORN_VL2p
1476,2009235865,ORN_VL2p
1477,2009235983,ORN_VL2a
1478,2009236011,ORN_VL2p
1479,2009236068,ORN_VL2p
1480,2009240747,ORN_VL2p
1481,2009240803,ORN_VL2p
1482,2009240823,ORN_VL2p
1483,2009240859,ORN_VL2a
1484,2009309602,ORN_VC3l
1485,2009576932,ORN_VL2a
1486,2009654721,ORN_VM7d
1487,2009655004,ORN_VC3l
1488,2010000253,ORN_VM7d
1489,2010246349,ORN_VL2p
1490,2010246433,ORN_VL2p
1491,2010582646,ORN_VL2p
1492,2010587163,ORN_VL2a
1493,2010595874,ORN_VL2a
1494,2010928213,ORN_VL2a
1495,2010928226,ORN_VL2a
1496,2010928256,ORN_VL2a
1497,2010936968,ORN_VL2a
1498,2010937101,ORN_VL2p
1499,2011023253,ORN_VM5v
1500,2011023423,ORN_VM5v
1501,2011023513,ORN_VM5v
1502,2011023562,ORN_VM5v
1503,2011264911,ORN_VL2p
1504,2011269409,ORN_VL2a
1505,2011359759,ORN_VM5d
1506,2011364502,ORN_VM5v
1507,2011364607,ORN_VM5v
1508,2011364702,ORN_VM5v
1509,2011692507,ORN_VM5d
1510,2011701376,ORN_VM5v
1511,2011705413,ORN_VM5v
1512,2011705565,ORN_VC4
1513,2011705714,ORN_VC4
1514,2012046487,ORN_VC4
1517,2012710720,ORN_VM5d
1518,2012728682,ORN_VC4
1519,2012987196,ORN_VA1v
1520,2012987253,ORN_VA1v
1521,2013021846,ORN_VA6
1522,2013022074,ORN_VA6
1523,2013052474,ORN_VM5d
1524,2013328302,ORN_VA1v
1525,2013328496,ORN_VA1v
1526,2013328601,ORN_VA1v
1527,2013332880,ORN_VA1v
1528,2013363026,ORN_VA6
1529,2013366977,ORN_VA6
1530,2013371258,ORN_VA6
1531,2013375883,ORN_VA6
1532,2013674001,ORN_VA1v
1533,2013678148,ORN_VA1d
1534,2013691011,ORN_VA1d
1535,2013708057,ORN_VA6
1536,2013712652,ORN_VA6
1537,2013734421,ORN_VM5v
1538,2013734557,ORN_VM5v
1539,2013751519,ORN_VA3
1540,2013751718,ORN_VA7m
1541,2013751786,ORN_VA7m
1542,2013751841,ORN_VM5v
1543,2013751862,ORN_VA7m
1544,2013751890,ORN_VA7m
1545,2013751896,ORN_VA7m
1546,2013751940,ORN_VA3
1547,2013755484,ORN_VA7m
1548,2014023478,ORN_VA1d
1549,2014036488,ORN_VA1d
1550,2014036496,ORN_VA1d
1551,2014057997,ORN_VA6
1552,2014084415,ORN_VM5v
1553,2014368773,ORN_VA1d
1554,2014377317,ORN_VA1d
1555,2014382294,ORN_VA1v
1556,2014394780,ORN_VA6
1557,2014398891,ORN_VA6
1558,2014749251,ORN_VM5v
1559,2015396491,ORN_VA1v
1560,2015400778,ORN_VA1v
1561,2015404634,ORN_VA1v
1562,2015404662,ORN_VA1v
1563,2038634459,ORN_VC5
1564,2038638823,ORN_VC5
1565,2038638855,ORN_VC5
1566,2038980593,ORN_VC5
1567,2038980773,ORN_VC5
1568,2039317327,ORN_VC5
1569,2039321461,ORN_VC5
1570,2039662922,ORN_VC5
1571,2039666921,ORN_VC5
1572,2040008036,ORN_VC5
1573,2040266092,ORN_VL2p
1574,2040270490,ORN_VL2p
1575,2040348410,ORN_VC3l
1576,2040348807,ORN_VC3l
1577,2040348896,ORN_VC3l
1578,2040603039,ORN_VL2a
1579,2040603130,ORN_VL2p
1580,2040677122,ORN_VC3l
1581,2040681011,ORN_VC3l
1582,2040685505,ORN_VC3l
1583,2040689399,ORN_VC3l
1584,2040689820,ORN_VC3l
1585,2040939849,ORN_VL2p
1586,2040939889,ORN_VL2p
1587,2040944240,ORN_VL2a
1588,2040944536,ORN_VL2p
1589,2041026442,ORN_VC3l
1590,2041035008,ORN_VM7v
1591,2041035230,ORN_VC2
1592,2041281083,ORN_VL2p
1593,2041285477,ORN_VL2p
1594,2041367679,ORN_VM7v
1595,2041962740,ORN_VL2a
1596,2041963078,ORN_VL2a
1597,2042027880,ORN_VA7l
1598,2042057871,ORN_VM5v
1599,2042390750,ORN_VC4
1600,2042395169,ORN_VC4
1601,2042399821,ORN_VC4
1602,2042403029,ORN_VC4
1603,2042644919,ORN_VL2a
1604,2042731911,ORN_VC4
1605,2042740780,ORN_VC4
1606,2043042499,ORN_VC1
1607,2043081104,ORN_VC4
1608,2043418105,ORN_VC4
1609,2043422490,ORN_VC4
1610,2043741893,ORN_VM5v
1611,2043762933,ORN_VC4
1612,2044026514,ORN_VA1v
1613,2044026843,ORN_VA1v
1614,2044026850,ORN_VA1v
1615,2044026917,ORN_VA1v
1616,2044030893,ORN_VA1v
1617,2044056694,ORN_VA6
1618,2044061100,ORN_VA6
1619,2044363269,ORN_VA1v
1620,2044363294,ORN_VA1v
1621,2044371693,ORN_VA1v
1622,2044441348,ORN_VA2
1623,2044445446,ORN_VA2
1624,2044445500,ORN_VA2
1625,2044445583,ORN_VA2
1626,2044445769,ORN_VA2
1627,2044445822,ORN_VA2
1628,2044699904,ORN_VA1v
1629,2044704044,ORN_VA1v
1630,2044704083,ORN_VA1v
1631,2044704085,ORN_VA1v
1632,2044704184,ORN_VA1v
1633,2044704260,ORN_VA1v
1634,2044769231,ORN_VM5v
1635,2044786163,ORN_VA3
1636,2044786251,ORN_VA7l
1637,2044786350,ORN_VA7m
1638,2044786356,ORN_VA7m
1639,2044786423,ORN_VA3
1640,2044786654,ORN_VA3
1641,2044786718,ORN_VA3
1642,2044786781,ORN_VA2
1643,2045071470,ORN_VA1v
1644,2045105779,ORN_VM5v
1645,2045127426,ORN_VA7m
1646,2045412208,ORN_VA1v
1647,2045412276,ORN_VA1v
1648,2045416817,ORN_VA1v
1649,2045421319,ORN_VA1v
1650,2045459990,ORN_VM5v
1651,2046090071,ORN_DC3
1652,2046094371,ORN_VA1v
1653,2046128726,ORN_VM5v
1654,2046439442,ORN_VA1v
1655,2070014719,ORN_VC5
1656,2070351714,ORN_VC5
1657,2070351726,ORN_VC5
1658,2070351862,ORN_VC5
1659,2070356018,ORN_VC5
1660,2070688701,ORN_VC5
1661,2070688742,ORN_VC5
1662,2070693048,ORN_VC5
1663,2071029651,ORN_VC5
1664,2071033930,ORN_VC5
1665,2071034348,ORN_VC5
1666,2071388678,ORN_VC5
1667,2071711245,ORN_VC3l
1668,2071715595,ORN_VC3l
1669,2071974816,ORN_VL2p
1670,2071974975,ORN_VL2p
1671,2072070166,ORN_VC3l
1672,2072397710,ORN_VC3l
1673,2072398225,ORN_VC3l
1674,2072410774,ORN_VA4
1675,2072411270,ORN_VC2
1676,2072657167,ORN_VL2p
1677,2072661366,ORN_VL2p
1678,2073049935,ORN_VC1
1679,2073067325,ORN_VC4
1680,2073071226,ORN_VC4
1681,2073075444,ORN_VC4
1682,2073075693,ORN_VC4
1683,2073343163,ORN_VL2a
1684,2073386494,ORN_VC1
1685,2073386503,ORN_VC1
1686,2073386507,ORN_VC1
1687,2073390652,ORN_VC1
1688,2073390873,ORN_VC1
1689,2073408400,ORN_VC4
1690,2073408606,ORN_VC4
1691,2073416969,ORN_VC4
1692,2073425846,ORN_VC4
1693,2073723397,ORN_VC1
1694,2073723619,ORN_VC1
1695,2073753413,ORN_VC4
1696,2073766750,ORN_VC4
1697,2073775281,ORN_VC4
1698,2073775513,ORN_VC4
1699,2074033750,ORN_VL2a
1700,2074098768,ORN_VC4
1701,2074116622,ORN_VM2
1702,2074413812,ORN_VC1
1703,2074435977,ORN_VC4
1704,2074440282,ORN_VC4
1705,2074720301,ORN_VL2a
1706,2074724481,ORN_VA1v
1707,2074785707,ORN_VC4
1708,2075065746,ORN_VA1v
1709,2075074743,ORN_VA1v
1710,2075130919,ORN_VA2
1711,2075131086,ORN_VA2
1712,2075134971,ORN_VA2
1713,2075139532,ORN_VA2
1714,2075398005,ORN_VA1v
1716,2075402508,ORN_VA1v
1717,2075415818,ORN_VA1v
1718,2075471996,ORN_VA2
1719,2075752213,ORN_VA1v
1720,2075752364,ORN_VA1v
1721,2075812985,ORN_VA2
1722,2076080045,ORN_VA1v
1723,2076088889,ORN_VA1v
1724,2076110549,ORN_VA1v
1725,2076119289,ORN_VA5
1726,2076158214,ORN_VA2
1727,2076162300,ORN_VA2
1728,2076166334,ORN_VA2
1729,2076425439,ORN_VA1v
1730,2076451602,ORN_VA1v
1731,2076494885,ORN_VA7m
1732,2076792416,ORN_VA1v
1733,2077133435,ORN_VA1v
1734,2101387048,ORN_VC5
1735,2101390910,ORN_VC5
1736,2101719157,ORN_VC5
1737,2101723222,ORN_VC5
1738,2101723693,ORN_VC5
1739,2101728116,ORN_VC5
1740,2101740474,ORN_VM1
1741,2102056443,ORN_VC5
1742,2102060515,ORN_VC5
1743,2102065009,ORN_VC5
1744,2102068842,ORN_VC5
1745,2102069089,ORN_VC5
1746,2102077568,ORN_VC5
1747,2102392518,ORN_VC5
1748,2102405375,ORN_VC5
1749,2102410195,ORN_VC5
1750,2102751384,ORN_VC3m
1751,2103079192,ORN_VC3l
1752,2103100204,ORN_VC3l
1753,2103104764,ORN_VC3l
1754,2103104826,ORN_VC3l
1755,2103423940,ORN_VC3l
1756,2103428527,ORN_VC3l
1757,2103441206,ORN_VC3l
1758,2103445501,ORN_VC3l
1759,2103445598,ORN_VC3l
1760,2103446612,ORN_VC3m
1761,2103765567,ORN_VC3l
1762,2104097978,ORN_VC2
1763,2104128574,ORN_VM3
1764,2104429901,ORN_VC1
1765,2104452085,ORN_VC4
1766,2104788476,ORN_VC4
1767,2104806086,ORN_VA2
1768,2105448977,ORN_VC2
1769,2105448995,ORN_VC2
1770,2105449001,ORN_VC2
1771,2105449028,ORN_VC2
1772,2105453118,ORN_VC2
1773,2105453119,ORN_VC2
1774,2105453184,ORN_VC2
1775,2105453255,ORN_VC2
1776,2105457595,ORN_VC2
1777,2105470817,ORN_VC4
1778,2105488165,ORN_VC4
1779,2105488219,ORN_VC4
1780,2105492020,ORN_VA2
1781,2105492638,ORN_VA2
1782,2105789828,ORN_VC2
1783,2105789935,ORN_VC2
1784,2105790068,ORN_VC2
1785,2105794119,ORN_VC2
1786,2105794279,ORN_VC2
1787,2105798782,ORN_VC2
1788,2105798812,ORN_VC2
1789,2105824677,ORN_VA2
1790,2105833634,ORN_VA2
1791,2105833890,ORN_VA2
1792,2106135212,ORN_VC2
1793,2106135249,ORN_VC2
1794,2106161668,ORN_VA2
1795,2106166015,ORN_VA2
1796,2106170112,ORN_VA2
1797,2106174694,ORN_VA2
1798,2106445927,ORN_VA1v
1799,2106467925,ORN_VA7l
1800,2106472221,ORN_VA7l
1801,2106497975,ORN_VA7m
1802,2106507156,ORN_VA2
1803,2106514945,ORN_VA2
1804,2106778450,ORN_VA1v
1805,2106778488,ORN_VA1v
1806,2106787203,ORN_VA1v
1807,2106804199,ORN_VA1v
1808,2106822016,ORN_VA7m
1809,2106847803,ORN_VA2
1810,2106847811,ORN_VA2
1811,2107140799,ORN_VA1v
1812,2107162809,ORN_VA7m
1813,2107167189,ORN_VA7m
1814,2107176159,ORN_VA7m
1815,2107184313,ORN_VA2
1816,2107184765,ORN_VA2
1817,2107188772,ORN_VA2
1818,2107188865,ORN_VA2
1819,2107188970,ORN_VA2
1820,2107193033,ORN_VA2
1821,2107197097,ORN_VA2
1822,2107197210,ORN_VA2
1823,2107197699,ORN_VA2
1824,2107482285,ORN_VA1v
1825,2107490705,ORN_VA1v
1826,2107508333,ORN_VA7m
1827,2107508409,ORN_VA7m
1828,2107521422,ORN_VA7m
1829,2107525263,ORN_VA3
1830,2107529953,ORN_VA3
1831,2107823347,ORN_VA1v
1832,2107866390,ORN_VA3
1833,2132421402,ORN_VC5
1834,2132422384,ORN_VC5
1835,2133103556,ORN_VC5
1836,2133103826,ORN_VC5
1837,2134122853,ORN_VC3m
1838,2134122882,ORN_VC3m
1839,2134126987,ORN_VC3m
1840,2134127287,ORN_VC3m
1841,2134131536,ORN_VC3m
1842,2134472295,ORN_VC3m
1843,2134472645,ORN_VC3m
1844,2134476973,ORN_VC3m
1845,2134817763,ORN_VC3l
1846,2134821858,ORN_VA4
1847,2134822126,ORN_VC3m
1848,2134822333,ORN_VC3m
1849,2135132845,ORN_VC3l
1850,2135145228,ORN_VC3l
1851,2135163363,ORN_VM3
1852,2135482607,ORN_VC3l
1853,2135499925,ORN_VM3
1854,2136146972,ORN_VC2
1855,2136151495,ORN_VC2
1856,2136186428,ORN_VM3
1857,2136522616,ORN_VA2
1858,2136522952,ORN_VA2
1859,2136526850,ORN_VM3
1860,2136527298,ORN_VA2
1861,2136798792,ORN_VA1v
1862,2136863797,ORN_VA2
1863,2136872016,ORN_VA2
1864,2137161409,ORN_VA7l
1865,2137161652,ORN_VA7l
1866,2137165879,ORN_VA7l
1867,2137165899,ORN_VA7l
1868,2137170131,ORN_VC2
1869,2137200772,ORN_VA2
1870,2137204684,ORN_VA2
1871,2137506724,ORN_VA7l
1872,2137507224,ORN_VA7l
1873,2137511265,ORN_VA7l
1874,2137541564,ORN_VA2
1875,2137545862,ORN_VA2
1876,2137550357,ORN_VA2
1877,2137839363,ORN_VA1v
1878,2137839380,ORN_VA1v
1879,2137856225,ORN_VA7m
1880,2137856415,ORN_VA7m
1881,2137861071,ORN_VA7m
1882,2137878394,ORN_VA2
1883,2137886901,ORN_VA2
1884,2137891363,ORN_VA2
1885,2138189090,ORN_VA7l
1886,2138197298,ORN_VA7m
1887,2138197442,ORN_VA7m
1888,2138197479,ORN_VA7m
1889,2138219317,ORN_VA2
1890,2138219330,ORN_VA2
1891,2138223685,ORN_VA2
1892,2138227714,ORN_VA2
1893,2138232396,ORN_VA2
1894,2138232459,ORN_VA2
1895,2138232554,ORN_VA2
1896,2138547055,ORN_VA7m
1897,2138552028,ORN_VA7m
1898,2138560828,ORN_VA3
1899,2138564577,ORN_VA2
1900,2138564725,ORN_VA2
1901,2138569144,ORN_VA2
1902,2138569195,ORN_VA2
1903,2138849727,ORN_VL1
1904,2138888713,ORN_VA7m
1905,2138896652,ORN_VA3
1906,2138897318,ORN_VA3
1907,2163793289,ORN_VC5
1908,2163793358,ORN_VC5
1909,2164130952,ORN_VC5
1910,2164134181,ORN_VC5
1911,2164143348,ORN_VC5
1912,2164151407,ORN_VC5
1913,2164816415,ORN_VC3m
1914,2164820664,ORN_VC3m
1915,2164829632,ORN_VC3m
1916,2164833926,ORN_VM1
1917,2165157407,ORN_VC3m
1918,2165157838,ORN_VC3m
1919,2165161890,ORN_VC3m
1920,2165161934,ORN_VC3m
1921,2165161941,ORN_VC3m
1922,2165161986,ORN_VC3m
1923,2165166131,ORN_VC3m
1924,2165170658,ORN_VC3m
1925,2165170687,ORN_VC3m
1926,2165502570,ORN_VC3m
1927,2165830935,ORN_VC3l
1928,2165843950,ORN_VC3m
1929,2165844209,ORN_VC3m
1930,2165852860,ORN_VC3m
1931,2166098256,ORN_VL2p
1932,2166193954,ORN_VM4
1933,2166193959,ORN_VM4
1934,2166197557,ORN_VM3
1935,2166197621,ORN_VM3
1936,2166197821,ORN_VM4
1937,2166539331,ORN_VM4
1938,2166871719,ORN_VM3
1939,2167553250,ORN_VA2
1940,2167561757,ORN_VM3
1941,2167885918,ORN_VA2
1942,2167885988,ORN_VA2
1943,2167898830,ORN_VA2
1944,2167903289,ORN_VM3
1945,2168235227,ORN_VA2
1946,2168239739,ORN_VA2
1947,2168524681,ORN_VA5
1948,2168533487,ORN_VA5
1949,2168571819,ORN_VA2
1950,2168571905,ORN_VA2
1951,2168572270,ORN_VA2
1952,2168576352,ORN_VA2
1953,2168576610,ORN_VA2
1954,2168869893,ORN_VA5
1955,2168908719,ORN_VA2
1956,2169198172,ORN_VL1
1957,2169198190,ORN_VL1
1958,2169219786,ORN_VA5
1959,2169224232,ORN_VA5
1960,2169228241,ORN_VA7m
1961,2169254031,ORN_VA2
1962,2169267537,ORN_VA2
1963,2169538985,ORN_VL1
1964,2169573598,ORN_VA7m
1965,2169578035,ORN_VA7m
1966,2169595273,ORN_VA3
1967,2169599839,ORN_VA2
1968,2169918880,ORN_VA7m
1969,2169936327,ORN_VA3
1970,2195846519,ORN_VC5
1971,2195869005,ORN_VC5
1972,2196191950,ORN_VC3m
1973,2196192146,ORN_VC3m
1974,2196209657,ORN_VM1
1975,2196210183,ORN_VM1
1976,2196533087,ORN_VC3m
1977,2196551437,ORN_VM1
1978,2196874754,ORN_VC3m
1979,2196883380,ORN_VC3m
1980,2197158842,ORN_VL1
1981,2197158864,ORN_VL1
1982,2197163510,ORN_VL1
1983,2197219986,ORN_VM4
1984,2197220063,ORN_VM4
1985,2197220186,ORN_VM4
1986,2197224079,ORN_VM4
1987,2197224127,ORN_VM4
1988,2197224226,ORN_VM4
1989,2197228908,ORN_VM4
1990,2197232766,ORN_VM4
1991,2197500539,ORN_VL1
1992,2197561253,ORN_VM4
1993,2197569253,ORN_VM4
1994,2197573388,ORN_VM4
1995,2197841544,ORN_VL1
1996,2197876080,ORN_VC2
1997,2198243007,ORN_VA2
1998,2198247044,ORN_VM3
1999,2198247262,ORN_VM3
2000,2198579859,ORN_VA2
2001,2198584024,ORN_VA2
2002,2198584363,ORN_VA2
2003,2198925014,ORN_VA2
2004,2198928886,ORN_VA2
2005,2198929158,ORN_VA2
2006,2199218544,ORN_VA5
2007,2199244414,ORN_VA3
2008,2199248827,ORN_VA3
2009,2199257831,ORN_VA3
2010,2199261919,ORN_VA2
2011,2199559677,ORN_VA5
2012,2199611432,ORN_VA2
2013,2199615494,ORN_VA2
2014,2199961165,ORN_VA2
2015,2200228723,ORN_V
2016,2200228767,ORN_V
2017,2200228798,ORN_V
2018,2200288919,ORN_VA2
2019,2200301686,ORN_VA2
2020,2200569724,ORN_V
2021,2200626077,ORN_VA3
2022,2200958472,ORN_VA3
2023,2226200192,ORN_VC5
2024,2226204314,ORN_VC5
2025,2226898943,ORN_VC5
2026,2226899124,ORN_VC5
2027,2226903221,ORN_VC5
2028,2226903464,ORN_VM1
2029,2227227187,ORN_VC3m
2030,2227231570,ORN_VC3m
2031,2227235482,ORN_VC3m
2032,2227244612,ORN_VM1
2033,2227581344,ORN_VM1
2034,2227585673,ORN_VM1
2035,2227585815,ORN_VM1
2036,2227905434,ORN_VM4
2037,2228190346,ORN_VL1
2038,2228194261,ORN_VL1
2039,2228198564,ORN_VL1
2040,2228202851,ORN_VL1
2041,2228242016,ORN_VM4
2042,2228246155,ORN_VM4
2043,2228246513,ORN_VM4
2044,2228246655,ORN_VM4
2045,2228250216,ORN_VM4
2046,2228250233,ORN_VM4
2047,2228250411,ORN_VM4
2048,2228250473,ORN_VM4
2049,2228250557,ORN_VM4
2050,2228254382,ORN_VM4
2051,2228258843,ORN_VM4
2052,2228263505,ORN_VM1
2053,2228263741,ORN_VM1
2054,2228268269,ORN_VM1
2055,2228268375,ORN_VM1
2056,2228531013,ORN_VL1
2057,2228535037,ORN_VL1
2058,2228544091,ORN_VL1
2059,2228548225,ORN_VL1
2060,2228569805,ORN_VA4
2061,2228569835,ORN_VA4
2062,2228573847,ORN_VA4
2063,2228574181,ORN_VA4
2064,2228578702,ORN_VA4
2065,2228595477,ORN_VM4
2066,2228595645,ORN_VM4
2067,2228600233,ORN_VM4
2068,2228604837,ORN_VM4
2069,2228609001,ORN_VM4
2070,2228609065,ORN_VM4
2071,2228609139,ORN_VM1
2072,2228609140,ORN_VM4
2073,2228609200,ORN_VM4
2074,2228885032,ORN_VL1
2075,2228906708,ORN_VA4
2076,2228906716,ORN_VA4
2077,2228910793,ORN_VA4
2078,2228910820,ORN_VA4
2079,2228910920,ORN_VA4
2080,2228910941,ORN_VA4
2081,2228914940,ORN_VA4
2082,2228915178,ORN_VA4
2083,2228915232,ORN_VA4
2084,2228915244,ORN_VA4
2085,2228915274,ORN_VA4
2086,2228936836,ORN_VM4
2087,2228936935,ORN_VM4
2088,2228937182,ORN_VM4
2089,2228941758,ORN_VM4
2090,2228950485,ORN_VM4
2091,2228950512,ORN_VM4
2092,2229212992,ORN_VL1
2093,2229221710,ORN_VL1
2094,2229230439,ORN_VL1
2095,2229278366,ORN_VA2
2096,2229282379,ORN_VM3
2097,2229286758,ORN_VM3
2098,2229291065,ORN_VM3
2099,2229558578,ORN_VL1
2100,2229632158,ORN_VM3
2101,2229929673,ORN_VA3
2102,2229947231,ORN_VA3
2103,2229973318,ORN_VA2
2104,2230642295,ORN_VA2
2105,2230646124,ORN_VA2
2106,2230646168,ORN_VA2
2107,2230926964,ORN_V
2108,2230931053,ORN_V
2109,2230931077,ORN_V
2110,2230931155,ORN_V
2111,2230983145,ORN_VA2
2112,2231284881,ORN_V
2113,2231289277,ORN_V
2114,2231289333,ORN_V
2115,2231289424,ORN_V
2116,2231289459,ORN_V
2117,2231289545,ORN_V
2118,2231289597,ORN_V
2119,2231293819,ORN_V
2120,2231293853,ORN_V
2121,2231298121,ORN_V
2122,2231298154,ORN_V
2123,2231298170,ORN_V
2124,2231302306,ORN_VA3
2125,2231656529,ORN_VA3
2126,2256897823,ORN_VC5
2127,2257575800,ORN_VC5
2128,2257912736,ORN_VC5
2129,2257912884,ORN_VC5
2130,2258279495,ORN_VM1
2131,2258611672,ORN_VM1
2132,2258612054,ORN_VM1
2133,2258930998,ORN_VM4
2134,2258931499,ORN_VM4
2135,2258961231,ORN_VM1
2136,2259228827,ORN_VL1
2137,2259241827,ORN_VL1
2138,2259281302,ORN_VM4
2139,2259281518,ORN_VM4
2140,2259293756,ORN_VM1
2141,2259293804,ORN_VM4
2142,2259298398,ORN_VM1
2143,2259298572,ORN_VM1
2144,2259298672,ORN_VM1
2145,2259306458,ORN_VM1
2146,2259608595,ORN_VA4
2147,2259613201,ORN_VM7v
2148,2259618324,ORN_VA4
2149,2259621572,ORN_VM4
2150,2259630860,ORN_VM4
2151,2259639403,ORN_VM4
2152,2259639442,ORN_VM4
2153,2259643501,ORN_VM4
2154,2259941071,ORN_VA4
2155,2259962903,ORN_VM4
2156,2259967555,ORN_VM4
2157,2261637853,ORN_V
2158,2261965878,ORN_V
2159,2261970553,ORN_V
2160,2261987736,ORN_V
2161,2261992114,ORN_VM3
2162,2261992182,ORN_V
2163,2262324036,ORN_V
2164,2262324061,ORN_V
2165,2262328440,ORN_V
2166,2262328549,ORN_V
2167,2262332862,ORN_V
2168,2288269260,ORN_VC5
2169,2288278071,ORN_VC5
2170,2288623347,ORN_VC5
2171,2288947134,ORN_VC5
2172,2288956462,ORN_VC5
2173,2288964632,ORN_VC5
2174,2289288554,ORN_VC5
2175,2289314276,ORN_VM1
2176,2289646946,ORN_VM1
2177,2289974519,ORN_VM4
2178,2289983912,ORN_VM1
2179,2289992002,ORN_VM1
2180,2290294508,ORN_VA4
2181,2290303228,ORN_V
2182,2290307156,ORN_VM4
2183,2290320612,ORN_VM4
2184,2290328902,ORN_VM1
2185,2290653097,ORN_VM4
2186,2291002542,ORN_VM4
2187,2291006502,ORN_VM4
2188,2291352085,ORN_VM4
2189,2291999690,ORN_V
2190,2292327595,ORN_V
2191,2292672665,ORN_V
2192,2320655662,ORN_V
2193,2320983805,ORN_V
2194,2321001244,ORN_V
2195,2321009831,ORN_VC5
2196,2321337738,ORN_V
2197,2323379824,ORN_VM4
2198,5812979059,ORN_VA1v
2199,5812992944,ORN_VL1
2200,5812992945,ORN_VL1
2201,5812992948,ORN_VL1
2204,5812993911,ORN_VL1
2207,5812994785,ORN_VA5
2214,5812995297,ORN_DL2v
2215,5812995304,ORN_DL2d
2218,5812995402,ORN_DA1
2219,5812995406,ORN_VM4
2220,5812995431,ORN_VL1
2221,5812995437,ORN_DA1
2225,5812996056,ORN_DP1l
2226,5812996057,ORN_VL2p
2227,5812996058,ORN_VL2a
2228,5812996079,ORN_DA1
2230,5812996088,ORN_DL3
2231,5812996090,ORN_VA1v
2232,5812996091,ORN_VA1v
2233,5812996092,ORN_VA1v
2234,5812996809,ORN_DP1l
2236,5812996829,ORN_VL2p
2237,5812996881,ORN_DL3
2239,5812996926,ORN_DA1
2240,5812996943,ORN_DA1
2246,5812998302,ORN_VC5
2247,5812998303,ORN_VC5
2248,5812998311,ORN_VC5
2249,5812998432,ORN_VL2a
2250,5812998436,ORN_VL2a
2251,5812998437,ORN_VL2a
2252,5812998438,ORN_VL2a
2253,5812998440,ORN_VL2a
2254,5812998445,ORN_DP1l
2256,5812998466,ORN_VL2a
2257,5812998469,ORN_VL2p
2258,5812999097,ORN_VC1
2259,5812999215,ORN_VC1
2260,5812999642,ORN_VM4
2261,5812999644,ORN_VM4
2262,5812999645,ORN_VM4
2263,5812999647,ORN_VM4
2264,5812999657,ORN_VA7m
2265,5812999669,ORN_VC5
2266,5812999707,ORN_DP1l
2267,5812999764,ORN_VL1
2268,5813000161,ORN_VC5
2269,5813000234,ORN_VL2a
2270,5813000235,ORN_VL2a
2271,5813000237,ORN_VL2a
2272,5813000250,ORN_VL2a
2273,5813000296,ORN_VA3
2274,5813000306,ORN_VA1d
2275,5813000307,ORN_VA1d
2276,5813000313,ORN_VA1d
2277,5813000317,ORN_VA1v
2278,5813000717,ORN_VM5d
2279,5813000800,ORN_VM5d
2280,5813000806,ORN_VL1
2281,5813000807,ORN_VL1
2282,5813000824,ORN_VA1d
2283,5813000834,ORN_VA1v
2284,5813000835,ORN_VA1v
2285,5813000836,ORN_VA1d
2286,5813000842,ORN_VA1d
2287,5813001367,ORN_VM5d
2288,5813001792,ORN_VA5
2289,5813002248,ORN_VL2a
2290,5813002329,ORN_VA1v
2291,5813002333,ORN_VA3
2292,5813002774,ORN_VL2p
2293,5813002857,ORN_VA1v
2294,5813002862,ORN_VA3
2295,5813003327,ORN_VL2p
2296,5813003341,ORN_VM7v
2297,5813003342,ORN_VA4
2298,5813003348,ORN_VA4
2299,5813003357,ORN_VL1
2300,5813003358,ORN_VA5
2301,5813003362,ORN_VA5
2302,5813003369,ORN_VA1v
2303,5813003374,ORN_VA1v
2304,5813003379,ORN_VA1v
2305,5813003380,ORN_VA1v
2306,5813003753,ORN_VM4
2307,5813003771,ORN_VL1
2308,5813003775,ORN_VL1
2309,5813003777,ORN_VL1
2310,5813003778,ORN_VL1
2311,5813003780,ORN_VL1
2312,5813003782,ORN_VL1
2313,5813003791,ORN_VA4
2314,5813004119,ORN_VC5
2315,5813004141,ORN_VL1
2316,5813004144,ORN_VL1
2317,5813004152,ORN_VC3m
2318,5813004153,ORN_VC3m
2319,5813004154,ORN_VM1
2320,5813004185,ORN_VA7l
2321,5813004196,ORN_VL1
2322,5813004197,ORN_VL1
2323,5813004198,ORN_VL1
2324,5813004203,ORN_VA3
2325,5813004600,ORN_VL1
2326,5813004626,ORN_VC5
2327,5813004627,ORN_VC5
2328,5813004665,ORN_VA5
2329,5813004677,ORN_VL1
2330,5813004685,ORN_VL1
2331,5813004686,ORN_VL1
2332,5813004690,ORN_VL1
2333,5813004691,ORN_VL1
2334,5813004694,ORN_VL1
2335,5813004698,ORN_VL1
2336,5813004702,ORN_VA5
2337,5813005064,ORN_VM1
2338,5813005071,ORN_VL1
2339,5813005072,ORN_VL1
2340,5813005076,ORN_VL1
2341,5813005517,ORN_VM1
2342,5813005525,ORN_VM4
2343,5813005526,ORN_VM4
2344,5813005545,ORN_VM4
2345,5813005551,ORN_VM4
2346,5813005553,ORN_VM4
2347,5813005556,ORN_VA4
2348,5813005563,ORN_VM4
2349,5813005580,ORN_V
2351,5813017402,ORN_VA1v
2352,5813017404,ORN_VA1v
2353,5813017409,ORN_VA1v
2354,5813017410,ORN_VA1v
2355,5813018423,ORN_VA1v
2356,5813018704,ORN_VA1v
2357,5813018705,ORN_VA1v
2358,5813018706,ORN_VA1v
2359,5813018707,ORN_VA1v
2360,5813018708,ORN_VA1v
2361,5813018714,ORN_VA1v
2362,5813018827,ORN_VC2
2363,5813018842,ORN_VC5
2364,5813018849,ORN_VC5
2365,5813018852,ORN_VC5
2366,5813019196,ORN_VL1
2367,5813019197,ORN_VL1
2370,5813024345,ORN_VL1
2371,5813024346,ORN_VL1
2372,5813024602,ORN_VA1v
2373,5813024603,ORN_VA1v
2374,5813024605,ORN_VA1v
2375,5813024616,ORN_VA1v
2376,5813024618,ORN_VA1v
2377,5813024619,ORN_VA1v
2378,5813024620,ORN_VA1v
2379,5813024621,ORN_VA1v
2380,5813024623,ORN_VA1d
2381,5813024701,ORN_VA1v
2382,5813024981,ORN_VL2a
2383,5813024983,ORN_VL2a
2384,5813025198,ORN_VA1v
2385,5813025556,ORN_VL1
2386,5813025591,ORN_VL1
2387,5813025594,ORN_VL1
2388,5813025654,ORN_VL1
2389,5813031855,ORN_VL1
2390,5813034117,ORN_VL2p
2392,5813034251,ORN_VL2a
2393,5813034301,ORN_DP1l
2394,5813034363,ORN_VA1v
2395,5813034364,ORN_VA1v
2396,5813034367,ORN_VA1v
2397,5813034368,ORN_VA1v
2398,5813034463,ORN_VL2a
2399,5813034465,ORN_VA1d
2400,5813034676,ORN_VL1
2401,5813034687,ORN_VL1
2402,5813034689,ORN_VL1
2403,5813034722,ORN_VL1
2404,5813034749,ORN_VM1
2405,5813034753,ORN_VL1
2406,5813034811,ORN_V
2407,5813039011,ORN_DL2v
2410,5813039159,ORN_VA7l
2411,5813039161,ORN_VA7l
2412,5813039311,ORN_VL1
2413,5813039420,ORN_VA5
2414,5813039424,ORN_VC5
2415,5813039425,ORN_VC5
2416,5813039429,ORN_VC5
2418,5813040472,ORN_VM4
2420,5813041075,ORN_DM2
2422,5813042599,ORN_VM1
2423,5813042602,ORN_VM1
2424,5813042603,ORN_VM1
2425,5813042606,ORN_VM1
2426,5813042607,ORN_VM1
2427,5813046199,ORN_DC3
2428,5813046209,ORN_VA1v
2429,5813046210,ORN_VA1v
2430,5813046525,ORN_VC5
2431,5813046526,ORN_VC5
2432,5813046529,ORN_VC5
2433,5813046530,ORN_VC5
2434,5813046796,ORN_V
2435,5813047527,ORN_DL2d
2436,5813049298,ORN_VL1
2437,5813049745,ORN_VC5
2438,5813049934,ORN_VC5
2439,5813050022,ORN_VC5
2440,5813050276,ORN_VA1v
2441,5813050676,ORN_VC3l
2442,5813050720,ORN_VC5
2443,5813050739,ORN_VM1
2444,5813050750,ORN_VC5
2445,5813050751,ORN_VC5
2447,5813054719,ORN_VA1v
2448,5813054729,ORN_DA1
2450,5813054967,ORN_VM7v
2452,5813056694,ORN_VA1d
2453,5813056704,ORN_VA1v
2454,5813056797,ORN_VA3
2455,5813057546,ORN_VC5
2456,5813057594,ORN_VC5
2458,5813060361,ORN_VM5d
2460,5813061255,ORN_VA5
2461,5813061474,ORN_VM1
2463,5813062705,ORN_VA1v
2464,5813068224,ORN_VM4
2465,5813068337,ORN_VA5
2466,5813068349,ORN_VM4
2467,5813068351,ORN_VL1
2468,5813068997,ORN_VL1
2469,5813069112,ORN_VC5
2470,5813069348,ORN_VL2p
2471,5813069942,ORN_VL1
2472,5813075753,ORN_VC5
2473,5813077121,ORN_VM4
2474,5813077757,ORN_VL2a
2475,5813077779,ORN_VA7m
2476,5813077798,ORN_VA1v
2477,5813077826,ORN_VC1
2478,5813077829,ORN_VL1
2479,5813077853,ORN_VM4
2480,5813078599,ORN_VC5
2481,5813082964,ORN_DL3
2482,5813083386,ORN_DA1
2487,5813090624,ORN_VC3m
2488,5813097084,ORN_VA6
2489,5813125248,ORN_VL2a
2491,5813132687,ORN_VA1v
2492,5813132919,ORN_DL1
2493,5813133404,ORN_DL3
2494,5813134848,ORN_DA1
2496,5901194801,ORN_VM3
2497,5901194947,ORN_VM5d
2499,5901195871,ORN_VM4
2500,5901196897,ORN_VA1v
2501,5901197739,ORN_VM4
2503,5901199543,ORN_VA1d
2504,5901200000,ORN_VA4
2506,5901201379,ORN_DA2
2507,5901202025,ORN_VC5
2508,5901202409,ORN_DA2
2509,5901203878,ORN_VC5
2511,5901204564,ORN_DA1
2512,5901204637,ORN_DL3
2513,5901204684,ORN_DL2v
2514,5901204861,ORN_DL4
2515,5901206094,ORN_DL3
2516,5901206247,ORN_VM4
2518,5901209981,ORN_VC5
2519,5901210175,ORN_DL4
2521,5901210546,ORN_VM3
2522,5901215173,ORN_VA4
2523,5901221329,ORN_VL2p
2524,7112613444,ORN_VL1
